drug_id,drug_name,drug_common,indication_id,indication,category,weight_type,step_idx,step_name,route,preparation,concentration,concentration_unit,dose_text,weight_min,weight,min,max,dilution_volume,debit,administration,concentration_note,particularity,reference_snippet
40,Epinephrine,Adrenalin®,536,Cardiac arrest,Uncategorized,1,0,IV,IV push,Administer IV undiluted,0.1,mg/mL,,0,0,0,0,0,0,Nil,,"Avoid 1:10,000 nomenclature as it is associated with more medication errors.","- UpToDate [Internet]. Waltham, MA.: Lexicomp Inc.; Available: www.uptodate.com. - Micromedex Healthcare Series [Internet]. Greenwood Village, Colo: Thomson Micromedex; Available: www.micromedex.com  - Taketomo CK: Pediatric & Neonatal Dosage Handbook, 23 edn: Lexi-Comp, Inc.; 2016.           - Giud"
40,Epinephrine,Adrenalin®,536,Cardiac arrest,Uncategorized,1,1,Endotracheal,Endotracheally followed by manual bag ventilation,Administer ET undiluted,0.1,mg/mL,,0,0,0,10,0,0,"Use the IV/IO route if available rather than the endotracheal route. As soon as an IV/IO route is obtained, administer a dose of IV epinephrine even if the last dose of ET epinephrine dates back less than 3 minutes. Repeat every q3-5min in cardiac arrest",,"Avoid 1:10,000 nomenclature as it is associated with more medication errors.","- UpToDate [Internet]. Waltham, MA.: Lexicomp Inc.; Available: www.uptodate.com. - Micromedex Healthcare Series [Internet]. Greenwood Village, Colo: Thomson Micromedex; Available: www.micromedex.com  - Taketomo CK: Pediatric & Neonatal Dosage Handbook, 23 edn: Lexi-Comp, Inc.; 2016.           - Giud"
40,Epinephrine,Adrenalin®,2925,Shock,Uncategorized,1,0,Infusion (Pump),,,1,mg/mL,,0,0.5;1;2,0,140,50,0,"Preferred concentration in children under 2 Kg = 10 mcg/mL, between 2 and 4 Kg = 20 mcg/mL or over 4 Kg or in fluid restriction = 40 mcg/mL. Use the lowest concentration if a peripheral venous access is used.  In cardiogenic shock, the reported doses are 0.02-0.1 mcg/Kg/min. In distributive septic shock, the reported doses are 0.05-1 mcg/Kg/min. In practice, the addition of the vasoconstrictor effect (alpha) to the inotropic effect (beta) is not precise and absolute.  Suggested titration: 1) Start infusion at 0.05 mcg/kg/min. 2) Titrate by increments of 0.01-0.02 mcg/kg/min q5min depending on clinical response. (Expert Opinion)  Do NOT remove volume during preparation. Rinse the tubing with the infusion before administration. Epinephrine can also be diluted in NaCl 0.9% or D10W.",,"Y-site compatible with D5W, NaCl, LR.  Avoid 1:1000 nomenclature as it is associated with more medication errors.  Although the preferred route of administration of vasopressors is via central venous access, multiple studies demonstrate that administration via a good quality peripheral access is safe if used for a short period of time and with frequent verifications of the access site.","- UpToDate [Internet]. Waltham, MA.: Lexicomp Inc.; Available: www.uptodate.com. - Micromedex Healthcare Series [Internet]. Greenwood Village, Colo: Thomson Micromedex; Available: www.micromedex.com - Taketomo CK: Pediatric & Neonatal Dosage Handbook, 23 edn: Lexi-Comp, Inc.; 2017. - Giudice M, Grég"
40,Epinephrine,Adrenalin®,2925,Shock,Uncategorized,1,0,Infusion (Pump),,,1,mg/mL,,0,0.5;1;2,0,140,50,0,"Preferred concentration in children under 2 Kg = 10 mcg/mL, between 2 and 4 Kg = 20 mcg/mL or over 4 Kg or in fluid restriction = 40 mcg/mL. Use the lowest concentration if a peripheral venous access is used.  In cardiogenic shock, the reported doses are 0.02-0.1 mcg/Kg/min. In distributive septic shock, the reported doses are 0.05-1 mcg/Kg/min. In practice, the addition of the vasoconstrictor effect (alpha) to the inotropic effect (beta) is not precise and absolute.  Suggested titration: 1) Start infusion at 0.05 mcg/kg/min. 2) Titrate by increments of 0.01-0.02 mcg/kg/min q5min depending on clinical response. (Expert Opinion)  Do NOT remove volume during preparation. Rinse the tubing with the infusion before administration. Epinephrine can also be diluted in NaCl 0.9% or D10W.",,"Y-site compatible with D5W, NaCl, LR.  Avoid 1:1000 nomenclature as it is associated with more medication errors.  Although the preferred route of administration of vasopressors is via central venous access, multiple studies demonstrate that administration via a good quality peripheral access is safe if used for a short period of time and with frequent verifications of the access site.","- UpToDate [Internet]. Waltham, MA.: Lexicomp Inc.; Available: www.uptodate.com. - Micromedex Healthcare Series [Internet]. Greenwood Village, Colo: Thomson Micromedex; Available: www.micromedex.com - Taketomo CK: Pediatric & Neonatal Dosage Handbook, 23 edn: Lexi-Comp, Inc.; 2017. - Giudice M, Grég"
40,Epinephrine,Adrenalin®,2925,Shock,Uncategorized,1,1,Infusion (Syringe pump),,,1,mg/mL,,0,10;20;40,0,140,50,0,"Preferred concentration in children under 2 Kg = 10 mcg/mL, between 2 and 4 Kg = 20 mcg/mL or over 4 Kg or in fluid restriction = 40 mcg/mL. Use the lowest concentration if a peripheral venous access is used.  In cardiogenic shock, the reported doses are 0.02-0.1 mcg/Kg/min. In distributive septic shock, the reported doses are 0.05-1 mcg/Kg/min. In practice, the addition of the vasoconstrictor effect (alpha) to the inotropic effect (beta) is not precise and absolute.  Suggested titration: 1) Start infusion at 0.05 mcg/kg/min. 2) Titrate by increments of 0.01-0.02 mcg/kg/min q5min depending on clinical response. (Expert Opinion)  Rinse the tubing with the infusion before administration. Epinephrine can also be diluted in NaCl 0.9% or D10W.",,"Y-site compatible with D5W, NaCl, LR.  Avoid 1:1000 nomenclature as it is associated with more medication errors.  Although the preferred route of administration of vasopressors is via central venous access, multiple studies demonstrate that administration via a good quality peripheral access is safe if used for a short period of time and with frequent verifications of the access site.","- UpToDate [Internet]. Waltham, MA.: Lexicomp Inc.; Available: www.uptodate.com. - Micromedex Healthcare Series [Internet]. Greenwood Village, Colo: Thomson Micromedex; Available: www.micromedex.com - Taketomo CK: Pediatric & Neonatal Dosage Handbook, 23 edn: Lexi-Comp, Inc.; 2017. - Giudice M, Grég"
40,Epinephrine,Adrenalin®,2925,Shock,Uncategorized,1,1,Infusion (Syringe pump),,,1,mg/mL,,0,10;20;40,0,140,50,0,"Preferred concentration in children under 2 Kg = 10 mcg/mL, between 2 and 4 Kg = 20 mcg/mL or over 4 Kg or in fluid restriction = 40 mcg/mL. Use the lowest concentration if a peripheral venous access is used.  In cardiogenic shock, the reported doses are 0.02-0.1 mcg/Kg/min. In distributive septic shock, the reported doses are 0.05-1 mcg/Kg/min. In practice, the addition of the vasoconstrictor effect (alpha) to the inotropic effect (beta) is not precise and absolute.  Suggested titration: 1) Start infusion at 0.05 mcg/kg/min. 2) Titrate by increments of 0.01-0.02 mcg/kg/min q5min depending on clinical response. (Expert Opinion)  Rinse the tubing with the infusion before administration. Epinephrine can also be diluted in NaCl 0.9% or D10W.",,"Y-site compatible with D5W, NaCl, LR.  Avoid 1:1000 nomenclature as it is associated with more medication errors.  Although the preferred route of administration of vasopressors is via central venous access, multiple studies demonstrate that administration via a good quality peripheral access is safe if used for a short period of time and with frequent verifications of the access site.","- UpToDate [Internet]. Waltham, MA.: Lexicomp Inc.; Available: www.uptodate.com. - Micromedex Healthcare Series [Internet]. Greenwood Village, Colo: Thomson Micromedex; Available: www.micromedex.com - Taketomo CK: Pediatric & Neonatal Dosage Handbook, 23 edn: Lexi-Comp, Inc.; 2017. - Giudice M, Grég"
43,Fentanyl,Sublimaze®,548,Intubation - Induction Agent​,Uncategorized,1,0,Induction agent- Monotherapy,IV over 5 minutes,Administer IV diluted up to 1 mL of NaCl 0.9%,50,mcg/mL,,0,0,0,0,0,0,"Increased risk of chest wall rigidity in neonates linked to the rate of administration and high doses. In the context of intubation, the use of a neuromuscular blocker treats chest wall rigidity.  Consider dose adjustment according to hemodynamic status  Dose: 3-5 mcg/kg (usually 4 mcg/Kg) if used as the ONLY induction agent in rapid sequence intubation",,Nil,"- UpToDate [Internet]. Waltham, MA.: Lexicomp Inc.; Available: www.uptodate.com. - Micromedex Healthcare Series [Internet]. Greenwood Village, Colo: Thomson Micromedex; Available: www.micromedex.com - Taketomo CK: Pediatric & Neonatal Dosage Handbook, 23 edn: Lexi-Comp, Inc.; 2016.   - Giudice M, Gr"
43,Fentanyl,Sublimaze®,548,Intubation - Induction Agent​,Uncategorized,1,0,Induction agent- Monotherapy,IV over 5 minutes,Administer IV diluted up to 1 mL of NaCl 0.9%,50,mcg/mL,,0,0,0,0,0,0,"Increased risk of chest wall rigidity in neonates linked to the rate of administration and high doses. In the context of intubation, the use of a neuromuscular blocker treats chest wall rigidity.  Consider dose adjustment according to hemodynamic status  Dose: 3-5 mcg/kg (usually 4 mcg/Kg) if used as the ONLY induction agent in rapid sequence intubation",,Nil,"- UpToDate [Internet]. Waltham, MA.: Lexicomp Inc.; Available: www.uptodate.com. - Micromedex Healthcare Series [Internet]. Greenwood Village, Colo: Thomson Micromedex; Available: www.micromedex.com - Taketomo CK: Pediatric & Neonatal Dosage Handbook, 23 edn: Lexi-Comp, Inc.; 2016.   - Giudice M, Gr"
43,Fentanyl,Sublimaze®,548,Intubation - Induction Agent​,Uncategorized,1,0,Induction agent- Monotherapy,IV over 5 minutes,Administer IV diluted up to 1 mL of NaCl 0.9%,50,mcg/mL,,0,0,0,0,0,0,"Increased risk of chest wall rigidity in neonates linked to the rate of administration and high doses. In the context of intubation, the use of a neuromuscular blocker treats chest wall rigidity.  Consider dose adjustment according to hemodynamic status  Dose: 3-5 mcg/kg (usually 4 mcg/Kg) if used as the ONLY induction agent in rapid sequence intubation",,Nil,"- UpToDate [Internet]. Waltham, MA.: Lexicomp Inc.; Available: www.uptodate.com. - Micromedex Healthcare Series [Internet]. Greenwood Village, Colo: Thomson Micromedex; Available: www.micromedex.com - Taketomo CK: Pediatric & Neonatal Dosage Handbook, 23 edn: Lexi-Comp, Inc.; 2016.   - Giudice M, Gr"
52,Succinylcholine,Anectine®,550,Intubation- Neuromuscular Blocker,Uncategorized,1,0,,IV push,Administer IV undiluted,20,mg/mL,,0,0,0,150,0,0,"In neonatology, succinylcholine is the neuromuscular blocker usually used for intubations. Contraindications to succinylcholine are only often revealed after birth and intubation. Rocuronium can also be used as an alternative neuromuscular blocking agent.",,Keep refrigerated. Stable at room temperature for 6 months.  With dose of 1.5-2 mg/Kg: Onset of action: 15 seconds Duration of action: 4-6 minutes,"- UpToDate [Internet]. Waltham, MA.: Lexicomp Inc.; Available: www.uptodate.com. - Micromedex Healthcare Series [Internet]. Greenwood Village, Colo: Thomson Micromedex; Available: www.micromedex.com - Taketomo CK: Pediatric & Neonatal Dosage Handbook, 23 edn: Lexi-Comp, Inc.; 2016.           - Giudi"
53,Atropine,"{""fr"":null}",546,Intubation- Bradycardia,Uncategorized,1,0,,IV push,Administer IV undiluted,0.1,mg/mL,,0,0,0,0.5,0,0,Slow injection may cause paradoxical bradycardia. The minimum dose of 0.1 mg is no longer recommended.,Different concentrations available,Nil,"- UpToDate [Internet]. Waltham, MA.: Lexicomp Inc.; Disponible: www.uptodate.com. - Micromedex Healthcare Series [Internet]. Greenwood Village, Colo: Thomson Micromedex; Disponible: www.micromedex.com  - Taketomo CK: Pediatric & Neonatal Dosage Handbook, 23 edn: Lexi-Comp, Inc.; 2016.           - Gi"
58,Adenosine,Adenocard®,720,Supraventricular Tachycardia (SVT),Uncategorized,1,0,1st dose,IV over 1-3 seconds,,3,mg/mL,,0,0,0,6,0,0,"Use a good caliber proximal venous access such as the right upper extremity elbow crease. Administration via a distal peripheral route (eg: access on the foot) decreases the chances of success and may require higher doses (eg: 0.3 mg/Kg).  Ideally administer while recording a 12-lead ECG. Defibrillator and resuscitation cart nearby.  Double-syringe or 3-way stopcock administration technique:  Preparation: 1) Withdraw the dose of adenosine, with an additional 0.3 mL, with a 1 or 3 mL syringe 2) Open the valve to inlet 1 (inlet 2 blocked, patient outlet open) 3) Screw the adenosine syringe onto inlet 1 and purge the tap with 0.3 mL of adenosine 4) Adjust the volume of adenosine to the desired dose in the 1 or 3 mL syringe 5) Block entry 1 (adenosine) 6) Screw a 5 mL syringe of NaCl 0.9% onto inlet 2 7) Purge the 3-way stopcock with approximately 2 mL of NaCl 0.9%  Administration: 1) Connect the output of the device to the patient 2) Open the valve to inlet 1 (adenosine) and administer the adenosine in 1-3 seconds 3) Open the valve to inlet 2 (NaCl 0.9%) and rinse QUICKLY with 1-3 mL of NaCl 0.9%",,Consider reducing the dose by 50% if:  - Administrated via central venous access,"- UpToDate [Internet]. Waltham, MA.: Lexicomp Inc.; Available: www.uptodate.com. - Micromedex Healthcare Series [Internet]. Greenwood Village, Colo: Thomson Micromedex; Available: www.micromedex.com - Taketomo CK: Pediatric & Neonatal Dosage Handbook, 23 edn: Lexi-Comp, Inc.; 2016.           - Giudi"
58,Adenosine,Adenocard®,720,Supraventricular Tachycardia (SVT),Uncategorized,1,1,2nd dose,IV over 1-3 seconds,Administer IV by double-syringe technique,3,mg/mL,,0,0,0,12,0,0,"Use a good caliber proximal venous access such as the right upper extremity elbow crease. Administration via a distal peripheral route (eg: access on the foot) decreases the chances of success and may require higher doses (eg: 0.3 mg/Kg).  Ideally administer while recording a 12-lead ECG. Defibrillator and resuscitation cart nearby.  Double-syringe or 3-way stopcock administration technique:  BEFORE connecting it to the patient (Priming): 1) Withdraw the dose of adenosine, with an additional 0.3 mL, with a 1 or 3 mL syringe 2) Open the valve to inlet 1 (inlet 2 blocked, patient outlet open) 3) Screw the adenosine syringe onto inlet 1 and purge the tap with 0.3 mL of adenosine 4) Adjust the volume of adenosine to the desired dose in the 1 or 3 mL syringe 5) Block entry 1 (adenosine) 6) Screw a 5 mL syringe of NaCl 0.9% onto inlet 2 7) Purge the 3-way stopcock with approximately 2 mL of NaCl 0.9%  Administration of the dose: 1) Connect the output of the device to the patient 2) Open the valve to inlet 1 (adenosine) and administer the adenosine in 1-3 seconds 3) Open the valve to inlet 2 (NaCl 0.9%) and rinse QUICKLY with 3 mL of NaCl 0.9%",,Consider reducing the dose by 50% if:  - Administrated via central venous access,"- UpToDate [Internet]. Waltham, MA.: Lexicomp Inc.; Available: www.uptodate.com. - Micromedex Healthcare Series [Internet]. Greenwood Village, Colo: Thomson Micromedex; Available: www.micromedex.com - Taketomo CK: Pediatric & Neonatal Dosage Handbook, 23 edn: Lexi-Comp, Inc.; 2016.           - Giudi"
59,Amiodarone,Cordarone®,721,Pulseless VT/VF,Uncategorized,1,0,,IV push,Administer IV undiluted,50,mg/mL,,0,0,0,300,0,0,"According to PALS, repeat dose up to a maximum of 3 doses every 2 rhythm analysis/pulse checks/shocks (q4min).  The 0.22 micron filter can be omitted in cardiac arrest",,Nil,"- UpToDate [Internet]. Waltham, MA.: Lexicomp Inc.; Available: www.uptodate.com. - Micromedex Healthcare Series [Internet]. Greenwood Village, Colo: Thomson Micromedex; Available: www.micromedex.com - Taketomo CK: Pediatric & Neonatal Dosage Handbook, 23 edn: Lexi-Comp, Inc.; 2016.           - Giudi"
62,Ketamine,Ketalar®,551,Intubation - Induction Agent​,Uncategorized,1,0,,IV over 2 minutes,Administer IV diluted up to 1 mL of NaCl 0.9%,10,mg/mL,,0,0,0,150,0,0,Caution: • Consider dose adjustment according to hemodynamic status • Ketamine may be favored in patients kept with spontaneous breathing (ex.: administration of surfactant by less invasive method) or with hemodynamic instability.  Do NOT use ketamine 50 mg/mL undiluted; unmeasurable volumes for neonatal doses If 10 mg/mL concentration is unavailable: Presentation : Vial of Ketamine 50 mg/mL 1) Withdraw 2 mL (1 vial) of Ketamine 50 mg/mL with a 10 mL syringe 2) Add to 8 mL of NaCl 0.9% to the syringe 3) Final concentration = 100 mg in 10 mL = 10 mg/mL,,Laryngospasm risk < 1%,"- UpToDate [Internet]. Waltham, MA.: Lexicomp Inc.; Disponible: www.uptodate.com. - Micromedex Healthcare Series [Internet]. Greenwood Village, Colo: Thomson Micromedex; Disponible: www.micromedex.com - Taketomo CK: Pediatric & Neonatal Dosage Handbook, 23 edn: Lexi-Comp, Inc.; 2016.           - Giu"
62,Ketamine,Ketalar®,551,Intubation - Induction Agent​,Uncategorized,1,0,,IV over 2 minutes,Administer IV diluted up to 1 mL of NaCl 0.9%,10,mg/mL,,0,0,0,150,0,0,Caution: • Consider dose adjustment according to hemodynamic status • Ketamine may be favored in patients kept with spontaneous breathing (ex.: administration of surfactant by less invasive method) or with hemodynamic instability.  Do NOT use ketamine 50 mg/mL undiluted; unmeasurable volumes for neonatal doses If 10 mg/mL concentration is unavailable: Presentation : Vial of Ketamine 50 mg/mL 1) Withdraw 2 mL (1 vial) of Ketamine 50 mg/mL with a 10 mL syringe 2) Add to 8 mL of NaCl 0.9% to the syringe 3) Final concentration = 100 mg in 10 mL = 10 mg/mL,,Laryngospasm risk < 1%,"- UpToDate [Internet]. Waltham, MA.: Lexicomp Inc.; Disponible: www.uptodate.com. - Micromedex Healthcare Series [Internet]. Greenwood Village, Colo: Thomson Micromedex; Disponible: www.micromedex.com - Taketomo CK: Pediatric & Neonatal Dosage Handbook, 23 edn: Lexi-Comp, Inc.; 2016.           - Giu"
62,Ketamine,Ketalar®,551,Intubation - Induction Agent​,Uncategorized,1,0,,IV over 2 minutes,Administer IV diluted up to 1 mL of NaCl 0.9%,10,mg/mL,,0,0,0,150,0,0,Caution: • Consider dose adjustment according to hemodynamic status • Ketamine may be favored in patients kept with spontaneous breathing (ex.: administration of surfactant by less invasive method) or with hemodynamic instability.  Do NOT use ketamine 50 mg/mL undiluted; unmeasurable volumes for neonatal doses If 10 mg/mL concentration is unavailable: Presentation : Vial of Ketamine 50 mg/mL 1) Withdraw 2 mL (1 vial) of Ketamine 50 mg/mL with a 10 mL syringe 2) Add to 8 mL of NaCl 0.9% to the syringe 3) Final concentration = 100 mg in 10 mL = 10 mg/mL,,Laryngospasm risk < 1%,"- UpToDate [Internet]. Waltham, MA.: Lexicomp Inc.; Disponible: www.uptodate.com. - Micromedex Healthcare Series [Internet]. Greenwood Village, Colo: Thomson Micromedex; Disponible: www.micromedex.com - Taketomo CK: Pediatric & Neonatal Dosage Handbook, 23 edn: Lexi-Comp, Inc.; 2016.           - Giu"
63,Rocuronium,Zemuron®,552,Intubation- Neuromuscular Blocker,Uncategorized,1,0,,IV push,Administer IV undiluted,10,mg/mL,,0,0,0,150,0,0,"Rocuronium can also be used as an alternative neuromuscular blocking agent.  For emergency reversal of rocuronium, use Sugammadex 16 mg/Kg.",,Keep refrigerated. Stable at room temperature for 6 months.  With dose of 1-1.2 mg/Kg: Onset of action: 45-60 seconds Duration of action: 30-45 minutes,"- UpToDate [Internet]. Waltham, MA.: Lexicomp Inc.; Available: www.uptodate.com. - Micromedex Healthcare Series [Internet]. Greenwood Village, Colo: Thomson Micromedex; Available: www.micromedex.com - Taketomo CK: Pediatric & Neonatal Dosage Handbook, 23 edn: Lexi-Comp, Inc.; 2016.           - Giudi"
65,Dopamine,Intropin®,539,Shock,Uncategorized,1,0,,,,800,mcg/mL,,0,0,0,2000,0,0,Caution: Use the lowest concentration if a peripheral venous access is used.  Preferred concentration: • Under 1 Kg = 800 mcg/mL • 1 and 3 Kg = 1600 mcg/mL • Over 3 Kg or in fluid restriction = 3200 mcg/mL.   Suggested titration: 1) Start infusion at 5 mcg/kg/min. 2) Titrate by increments of 2.5-5 mcg/kg/min q5min until target BP is reached or a maximum dose of 20 mcg/Kg/min. (Expert Opinion)  Additional information: Rinse the tubing with the infusion before administration.,Premixed commercial bag,"Y-site compatible with D5W, NaCl, LR.  Starting dose 5 mcg/Kg/min (""renal"" dose of 2-3 mcg/Kg/min not effective according to the literature).  Although the preferred route of administration of vasopressors is via central venous access, multiple studies demonstrate that administration via a good quality peripheral access is safe if used for a short period of time and with frequent verifications of the access site.","- UpToDate [Internet]. Waltham, MA.: Lexicomp Inc.; Available: www.uptodate.com. - Micromedex Healthcare Series [Internet]. Greenwood Village, Colo: Thomson Micromedex; Available: www.micromedex.com - Taketomo CK: Pediatric & Neonatal Dosage Handbook, 23 edn: Lexi-Comp, Inc.; 2017. - Giudice M, Grég"
65,Dopamine,Intropin®,539,Shock,Uncategorized,1,0,,,,800,mcg/mL,,0,0,0,2000,0,0,Caution: Use the lowest concentration if a peripheral venous access is used.  Preferred concentration: • Under 1 Kg = 800 mcg/mL • 1 and 3 Kg = 1600 mcg/mL • Over 3 Kg or in fluid restriction = 3200 mcg/mL.   Suggested titration: 1) Start infusion at 5 mcg/kg/min. 2) Titrate by increments of 2.5-5 mcg/kg/min q5min until target BP is reached or a maximum dose of 20 mcg/Kg/min. (Expert Opinion)  Additional information: Rinse the tubing with the infusion before administration.,Premixed commercial bag,"Y-site compatible with D5W, NaCl, LR.  Starting dose 5 mcg/Kg/min (""renal"" dose of 2-3 mcg/Kg/min not effective according to the literature).  Although the preferred route of administration of vasopressors is via central venous access, multiple studies demonstrate that administration via a good quality peripheral access is safe if used for a short period of time and with frequent verifications of the access site.","- UpToDate [Internet]. Waltham, MA.: Lexicomp Inc.; Available: www.uptodate.com. - Micromedex Healthcare Series [Internet]. Greenwood Village, Colo: Thomson Micromedex; Available: www.micromedex.com - Taketomo CK: Pediatric & Neonatal Dosage Handbook, 23 edn: Lexi-Comp, Inc.; 2017. - Giudice M, Grég"
88,Alprostadil (Prostaglandin E1),Prostin®,2919,Duct dependent congenital heart disease,Uncategorized,1,0,Infusion (Pump),,,0.5,mg/mL,,0,0.25;0.5,0,10,50,0,"Caution: • Opinion of Pediatric Cardiology or Neonatology recommended • Preferred concentration :• Under 3 Kg = 5 mcg/mL  • Over 3 Kg = 10 mcg/mL  Suggested titration: 1) Start the infusion at 0.03-0.05 mcg/Kg/min. 2) Titrate by increments of 0.03-0.05 mcg/Kg/min according to the O2 saturation and/or arterial pressure objectives discussed with the experts, according to the suspected cardiopathy, to open or maintain the ductus arteriosus. 3) Once the ductus arteriosus is open and the patient is hemodynamically stabilized, titrate to obtain the minimum effective dose and minimize side effects. (e.g.: Decrease to 0.05 mcg/Kg/min then 0.02 mcg/Kg/min q6h ad 0.01 mcg/Kg/min according to echocardiography) (Expert opinion)  Additional information: • Do NOT remove volume during preparation. • Rinse the tubing with the infusion before administration. • Alprostadil can also be diluted in NaCl 0.9% or D10W. • If patient with reduced dextrose intake, very at risk of hypoglycemia or with a history of hypoglycemia, dilute in D10W rather than D5W.",,"Y-site compatible with D5W, NaCl, LR.  Keep refrigerated.  Monitor for hypotension, apnea and fever.","- UpToDate [Internet]. Waltham, MA.: Lexicomp Inc.; Available: www.uptodate.com. - Micromedex Healthcare Series [Internet]. Greenwood Village, Colo: Thomson Micromedex; Available: www.micromedex.com - Taketomo CK: Pediatric & Neonatal Dosage Handbook, 23 edn: Lexi-Comp, Inc.; 2017. - Giudice M, Grég"
88,Alprostadil (Prostaglandin E1),Prostin®,2919,Duct dependent congenital heart disease,Uncategorized,1,0,Infusion (Pump),,,0.5,mg/mL,,0,0.25;0.5,0,10,50,0,"Caution: • Opinion of Pediatric Cardiology or Neonatology recommended • Preferred concentration :• Under 3 Kg = 5 mcg/mL  • Over 3 Kg = 10 mcg/mL  Suggested titration: 1) Start the infusion at 0.03-0.05 mcg/Kg/min. 2) Titrate by increments of 0.03-0.05 mcg/Kg/min according to the O2 saturation and/or arterial pressure objectives discussed with the experts, according to the suspected cardiopathy, to open or maintain the ductus arteriosus. 3) Once the ductus arteriosus is open and the patient is hemodynamically stabilized, titrate to obtain the minimum effective dose and minimize side effects. (e.g.: Decrease to 0.05 mcg/Kg/min then 0.02 mcg/Kg/min q6h ad 0.01 mcg/Kg/min according to echocardiography) (Expert opinion)  Additional information: • Do NOT remove volume during preparation. • Rinse the tubing with the infusion before administration. • Alprostadil can also be diluted in NaCl 0.9% or D10W. • If patient with reduced dextrose intake, very at risk of hypoglycemia or with a history of hypoglycemia, dilute in D10W rather than D5W.",,"Y-site compatible with D5W, NaCl, LR.  Keep refrigerated.  Monitor for hypotension, apnea and fever.","- UpToDate [Internet]. Waltham, MA.: Lexicomp Inc.; Available: www.uptodate.com. - Micromedex Healthcare Series [Internet]. Greenwood Village, Colo: Thomson Micromedex; Available: www.micromedex.com - Taketomo CK: Pediatric & Neonatal Dosage Handbook, 23 edn: Lexi-Comp, Inc.; 2017. - Giudice M, Grég"
88,Alprostadil (Prostaglandin E1),Prostin®,2919,Duct dependent congenital heart disease,Uncategorized,1,1,Infusion (Syringe pump),,,0.5,mg/mL,,0,5;10,0,10,50,0,"Caution: • Opinion of Pediatric Cardiology or Neonatology recommended • Preferred concentration :• Under 3 Kg = 5 mcg/mL  • Over 3 Kg = 10 mcg/mL  Suggested titration: 1) Start the infusion at 0.03-0.05 mcg/Kg/min. 2) Titrate by increments of 0.03-0.05 mcg/Kg/min according to the O2 saturation and/or arterial pressure objectives discussed with the experts, according to the suspected cardiopathy, to open or maintain the ductus arteriosus. 3) Once the ductus arteriosus is open and the patient is hemodynamically stabilized, titrate to obtain the minimum effective dose and minimize side effects. (e.g.: Decrease to 0.05 mcg/Kg/min then 0.02 mcg/Kg/min q6h ad 0.01 mcg/Kg/min according to echocardiography) (Expert opinion)  Additional information: • Rinse the tubing with the infusion before administration. • Alprostadil can also be diluted in NaCl 0.9% or D10W. • If patient with reduced dextrose intake, very at risk of hypoglycemia or with a history of hypoglycemia, dilute in D10W rather than D5W.",,"Y-site compatible with D5W, NaCl, LR.  Keep refrigerated.  Monitor for hypotension, apnea and fever.","- UpToDate [Internet]. Waltham, MA.: Lexicomp Inc.; Available: www.uptodate.com. - Micromedex Healthcare Series [Internet]. Greenwood Village, Colo: Thomson Micromedex; Available: www.micromedex.com - Taketomo CK: Pediatric & Neonatal Dosage Handbook, 23 edn: Lexi-Comp, Inc.; 2017. - Giudice M, Grég"
88,Alprostadil (Prostaglandin E1),Prostin®,2919,Duct dependent congenital heart disease,Uncategorized,1,1,Infusion (Syringe pump),,,0.5,mg/mL,,0,5;10,0,10,50,0,"Caution: • Opinion of Pediatric Cardiology or Neonatology recommended • Preferred concentration :• Under 3 Kg = 5 mcg/mL  • Over 3 Kg = 10 mcg/mL  Suggested titration: 1) Start the infusion at 0.03-0.05 mcg/Kg/min. 2) Titrate by increments of 0.03-0.05 mcg/Kg/min according to the O2 saturation and/or arterial pressure objectives discussed with the experts, according to the suspected cardiopathy, to open or maintain the ductus arteriosus. 3) Once the ductus arteriosus is open and the patient is hemodynamically stabilized, titrate to obtain the minimum effective dose and minimize side effects. (e.g.: Decrease to 0.05 mcg/Kg/min then 0.02 mcg/Kg/min q6h ad 0.01 mcg/Kg/min according to echocardiography) (Expert opinion)  Additional information: • Rinse the tubing with the infusion before administration. • Alprostadil can also be diluted in NaCl 0.9% or D10W. • If patient with reduced dextrose intake, very at risk of hypoglycemia or with a history of hypoglycemia, dilute in D10W rather than D5W.",,"Y-site compatible with D5W, NaCl, LR.  Keep refrigerated.  Monitor for hypotension, apnea and fever.","- UpToDate [Internet]. Waltham, MA.: Lexicomp Inc.; Available: www.uptodate.com. - Micromedex Healthcare Series [Internet]. Greenwood Village, Colo: Thomson Micromedex; Available: www.micromedex.com - Taketomo CK: Pediatric & Neonatal Dosage Handbook, 23 edn: Lexi-Comp, Inc.; 2017. - Giudice M, Grég"
92,Ampicillin,Penbritine®,560,Usual dosage,Uncategorized,1,0,Non-meningeal infection,IV over 3-5 min,Administer IV undiluted or diluted up to 1 mL of NaCl 0.9% after reconstitution,0,mg/mL,,0,0,0,2000,0,0,Reconstitute according to the manufacturer's recommendations. IV administration over 3-5 minutes is safe according to the literature. It is possible to administer the drug over a longer period according to the hospital protocols in place. Secondary dilution not necessary. Can be administered IM.,,"Y-site compatible with D5W, NaCl, LR.  The first dose of an anti-infective medication (mg) should not be influenced by the presence or absence of renal insufficiency in order to achieve an effective concentration quickly. If adjustments are necessary, these should be applied at subsequent doses.  Dosage adjustment in renal failure.  Usual neonatal dosing according to postmenstrual and postnatal age: (Postmenstrual age = gestational age + postnatal age)  Postmenstrual age < 30 weeks: 0 to 28 days : q12h More than 28 days : q8h  Postmenstrual age 30 à 36 weeks: 0 to 14 days : q12h More than 14 days : q8h  Postmenstrual age ≥ 37 weeks: 0 to 7 days : q12h 8 to 14 days : q8h More than 14 days : q6h (maximum 300 mg/kg/day)","- UpToDate [Internet]. Waltham, MA.: Lexicomp Inc.; Available: www.uptodate.com. - Micromedex Healthcare Series [Internet]. Greenwood Village, Colo: Thomson Micromedex; Available: www.micromedex.com - Taketomo CK: Pediatric & Neonatal Dosage Handbook, 23 edn: Lexi-Comp, Inc.; 2016.   - Giudice M, Gr"
92,Ampicillin,Penbritine®,560,Usual dosage,Uncategorized,1,1,Meningitis,IV over 3-5 min,"Administer IV undiluted or diluted up to 1 mL of NaCl 0,9% after reconstitution",0,mg/mL,,0,0,0,2000,0,0,Reconstitute according to the manufacturer's recommendations. IV administration over 3-5 minutes is safe according to the literature. It is possible to administer the drug over a longer period according to the hospital protocols in place. Secondary dilution not necessary. Can be administered IM.,,"Y-site compatible with D5W, NaCl, LR.  The first dose of an anti-infective medication (mg) should not be influenced by the presence or absence of renal insufficiency in order to achieve an effective concentration quickly. If adjustments are necessary, these should be applied at subsequent doses.  Dosage adjustment in renal failure.  Usual neonatal dosing according to postmenstrual and postnatal age: (Postmenstrual age = gestational age + postnatal age)  Postmenstrual age < 30 weeks: 0 to 28 days : q12h More than 28 days : q8h  Postmenstrual age 30 à 36 weeks: 0 to 14 days : q12h More than 14 days : q8h  Postmenstrual age ≥ 37 weeks: 0 to 7 days : q12h 8 to 14 days : q8h More than 14 days : q6h (maximum 300 mg/kg/day)","- UpToDate [Internet]. Waltham, MA.: Lexicomp Inc.; Available: www.uptodate.com. - Micromedex Healthcare Series [Internet]. Greenwood Village, Colo: Thomson Micromedex; Available: www.micromedex.com - Taketomo CK: Pediatric & Neonatal Dosage Handbook, 23 edn: Lexi-Comp, Inc.; 2016.  - Giudice M, Gré"
96,Sodium bicarbonate,NaHCO3,999,Hyperkalemia with acidosis,Uncategorized,1,0,Hemodynamic instability,IV over 2-5 min,Administer IV undiluted,0.5,mmol/mL,,0,0,0,50,0,0,"IV push in cardiac arrest  If the patient is hemodynamically stable, administer diluted over 30 minutes to reduce the risk of cerebral hemorrhage.  Administer preferably via proximal peripheral venous access if central access not available (hyperosmolar solution).  Hyperkaliemia in neonatology is defined as K+> 6.5-7.5 mmol/L. Neonates often tolerate blood levels of K+ higher than children and adults. In doubt, control the K+ level and look for anomalies on the 12-lead EKG.  If Sodium Bicarbonate 4.2% (0.5mmol/mL) is unavailable: Presentation : Vial or syringe of Sodium Bicarbonate 8.4% (1 mmol/mL) 1) Withdraw 5 mL of Bicarbonate 1 mmol/mL with a 10 mL syringe 2) Add to 5 mL of Sterile water for injection or D5W to the syringe 3) Final concentration = 5 mmol in 10 mL = 0.5 mmol/mL = 4.2%",,Incompatible in Y with Calcium or Epinephrine. Rinse well with NaCl 0.9% between administrations,"- UpToDate [Internet]. Waltham, MA.: Lexicomp Inc.; Available: www.uptodate.com. - Micromedex Healthcare Series [Internet]. Greenwood Village, Colo: Thomson Micromedex; Available: www.micromedex.com - Taketomo CK: Pediatric & Neonatal Dosage Handbook, 23 edn: Lexi-Comp, Inc.; 2016. - Giudice M, Grég"
96,Sodium bicarbonate,NaHCO3,999,Hyperkalemia with acidosis,Uncategorized,1,1,Hemodynamically stable,IV over 30 min,Administer IV DILUTED on volume/time pump,0.25,mmol/mL,,0,0,0,50,0,0,"Further dilution for final concentration at 0.25 mmol/mL: Presentation: Sodium Bicarbonate Syringe 4.2% (0.5 mmol/mL) 1) Withdraw 5 mL of Bicarbonate 0.5 mmol/mL with a 10 mL syringe 2) Add to 5 mL of Sterile water for injection or D5W to the syringe 3) Final concentration = 2.5 mmol in 10 mL = 0.25 mmol/mL 4) Administer the indicated dose via pump (Volume/time) or withdraw the indicated dose and administer via syringe pump.  Administer diluted over 30 minutes to reduce the risk of cerebral hemorrhage.  Hyperkaliemia in neonatology is defined as K+> 6.5-7.5 mmol/L. Neonates often tolerate blood levels of K+ higher than children and adults. In doubt, control the K+ level and look for anomalies on the 12-lead EKG.  If Sodium Bicarbonate 4.2% (0.5 mmol/mL) not available: Presentation: Sodium Bicarbonate Syringe 8.4% (1 mmol/mL) 1) Withdraw 2.5 mL of Bicarbonate 1 mmol/mL with a 10 mL syringe 2) Add to 7.5 mL of Sterile Water for Injection or D5% by syringe 3) Final concentration = 2.5 mmol in 10 mL = 0.25 mmol/mL",,Incompatible in Y with Calcium or Epinephrine. Rinse well with NaCl 0.9% between administrations,"- UpToDate [Internet]. Waltham, MA.: Lexicomp Inc.; Available: www.uptodate.com. - Micromedex Healthcare Series [Internet]. Greenwood Village, Colo: Thomson Micromedex; Available: www.micromedex.com - Taketomo CK: Pediatric & Neonatal Dosage Handbook, 23 edn: Lexi-Comp, Inc.; 2016. - Giudice M, Grég"
96,Sodium bicarbonate,NaHCO3,1000,Pulmonary hypertension with acidosis,Uncategorized,1,0,,IV over 2-5 min,Administer IV undiluted,0.5,mmol/mL,,0,0,0,50,0,0,"Caution:  • IV push in cardiac arrest or profound hypoxia due to pulmonary hypertension • Administer preferably via a proximal peripheral venous access if central access not available (hyperosmolar solution).  If Sodium Bicarbonate 4.2% (0.5mmol/mL) is unavailable: Presentation : Vial or syringe of Sodium Bicarbonate 8.4% (1 mmol/mL) 1) Withdraw 5 mL of Bicarbonate 1 mmol/mL with a 10 mL syringe 2) Add to 5 mL of Sterile water for injection or D5W to the syringe 3) Final concentration = 5 mmol in 10 mL = 0.5 mmol/mL = 4.2%  Additional information: Promote the adaptation of ventilatory parameters to adjust the pH in a PAH situation; in hemodynamic instability or if ventilation and oxygenation are maximized, balance the risks of cerebral hemorrhage from bicarbonates with the risks of hypoxia from PAH.",,Incompatible in Y with Calcium or Epinephrine. Rinse well with NaCl 0.9% between administrations,"- UpToDate [Internet]. Waltham, MA.: Lexicomp Inc.; Available: www.uptodate.com. - Micromedex Healthcare Series [Internet]. Greenwood Village, Colo: Thomson Micromedex; Available: www.micromedex.com - Taketomo CK: Pediatric & Neonatal Dosage Handbook, 23 edn: Lexi-Comp, Inc.; 2016. - Giudice M, Grég"
99,Calcium (Chloride),CaCl₂,831,Hyperkalemia or Hemorrhage,Uncategorized,1,0,,,,0,mg/mL,Not recommended,0,0,0,0,0,0,Nil,,Nil,
100,Calcium (Gluconate),CaGluc,768,Hyperkaliemia,Uncategorized,1,0,,IV over 5 min,Administer IV undiluted or diluted up to 1mL of NaCl 0.9%,100,mg/mL,,0,0,0,3000,0,0,"IV push in cardiac arrest May be administered diluted IV over 15-30 minutes if patient is stable.  Administer preferably via proximal peripheral venous access if central access not available (hyperosmolar solution).  Hyperkaliemia in neonatology is defined as K+> 6.5-7.5 mmol/L. Neonates often tolerate blood levels of K+ higher than children and adults. In doubt, control the K+ level and look for anomaly on the 12-lead EKG.",Dose expressed in mg of Calcium Gluconate,"In elemental calcium equivalents, 1 g of calcium chloride = 3 g calcium gluconate.","- UpToDate [Internet]. Waltham, MA.: Lexicomp Inc.; Available: www.uptodate.com. - Micromedex Healthcare Series [Internet]. Greenwood Village, Colo: Thomson Micromedex; Available: www.micromedex.com  - Taketomo CK: Pediatric & Neonatal Dosage Handbook, 23 edn: Lexi-Comp, Inc.; 2016.           - Giud"
100,Calcium (Gluconate),CaGluc,832,Hemorrhagic shock,Uncategorized,1,0,,IV over 5 min,Administer IV undiluted or diluted up to 1mL of NaCl 0.9%,100,mg/mL,,0,0,0,3000,0,0,Caution: • IV push in cardiac arrest • Administer preferably via proximal peripheral venous access if central access not available (hyperosmolar solution).,Dose expressed in mg of Calcium Gluconate,"In elemental calcium equivalents, 1 g of calcium chloride = 3 g calcium gluconate.","- UpToDate [Internet]. Waltham, MA.: Lexicomp Inc.; Available: www.uptodate.com. - Micromedex Healthcare Series [Internet]. Greenwood Village, Colo: Thomson Micromedex; Available: www.micromedex.com  - Taketomo CK: Pediatric & Neonatal Dosage Handbook, 23 edn: Lexi-Comp, Inc.; 2016.           - Giud"
104,Cefotaxime,Claforan®,562,Usual dosage,Uncategorized,1,0,Non-meningeal infection,IV over 3-5 min,"Administer IV undiluted or diluted up to 1 mL of NaCl 0,9% after reconstitution",0,mg/mL,,0,0,0,2000,0,0,Reconstitute according to the manufacturer's recommendations. IV administration over 3-5 minutes is safe according to the literature. It is possible to administer the drug over a longer period according to the hospital protocols in place. Secondary dilution not necessary. Can be administered IM.,,"Y-site compatible with D5W, NaCl, LR.  The first dose of an anti-infective medication (mg) should not be influenced by the presence or absence of renal insufficiency in order to achieve an effective concentration quickly. If adjustments are necessary, these should be applied at subsequent doses.  Dosage adjustment in renal failure.  Usual neonatal dosing according to postmenstrual and postnatal age: (Postmenstrual age = gestational age + postnatal age)  Postmenstrual age < 30 weeks: 0 to 28 days : q12h More than 28 days : q8h  Postmenstrual age 30 à 36 weeks: 0 to 14 days : q12h More than 14 days : q8h  Postmenstrual age ≥ 37 weeks: 0 to 7 days : q12h More than 7 days : q8h (q6h if severe infection or meningitis)","- UpToDate [Internet]. Waltham, MA.: Lexicomp Inc.; Available: www.uptodate.com. - Micromedex Healthcare Series [Internet]. Greenwood Village, Colo: Thomson Micromedex; Available: www.micromedex.com - Taketomo CK: Pediatric & Neonatal Dosage Handbook, 23 edn: Lexi-Comp, Inc.; 2016.   - Giudice M, Gr"
104,Cefotaxime,Claforan®,562,Usual dosage,Uncategorized,1,1,Meningitis,IV over 3-5 min,"Administer IV undiluted or diluted up to 1 mL of NaCl 0,9% after reconstitution",0,mg/mL,,0,0,0,2000,0,0,Reconstitute according to the manufacturer's recommendations. IV administration over 3-5 minutes is safe according to the literature. It is possible to administer the drug over a longer period according to the hospital protocols in place. Secondary dilution not necessary. Can be administered IM.,,"Y-site compatible with D5W, NaCl, LR.  The first dose of an anti-infective medication (mg) should not be influenced by the presence or absence of renal insufficiency in order to achieve an effective concentration quickly. If adjustments are necessary, these should be applied at subsequent doses.  Dosage adjustment in renal failure.  Usual neonatal dosing according to postmenstrual and postnatal age: (Postmenstrual age = gestational age + postnatal age)  Postmenstrual age < 30 weeks: 0 to 28 days : q12h More than 28 days : q8h  Postmenstrual age 30 à 36 weeks: 0 to 14 days : q12h More than 14 days : q8h  Postmenstrual age ≥ 37 weeks: 0 to 7 days : q12h More than 7 days : q6h","- UpToDate [Internet]. Waltham, MA.: Lexicomp Inc.; Available: www.uptodate.com. - Micromedex Healthcare Series [Internet]. Greenwood Village, Colo: Thomson Micromedex; Available: www.micromedex.com - Taketomo CK: Pediatric & Neonatal Dosage Handbook, 23 edn: Lexi-Comp, Inc.; 2016.  - Giudice M, Gré"
113,Cloxacillin,Orbenin®,563,Severe infection including meningitis,Uncategorized,1,0,,IV over 3-5 min,"Administer IV undiluted or diluted up to 1mL of NaCl 0,9% after reconstitution",0,mg/mL,,0,0,0,2000,0,0,Reconstitute according to the manufacturer's recommendations. IV administration over 3-5 minutes is safe according to the literature. Secondary dilution not necessary if primary dilution to 100 mg/mL. It is possible to administer the drug over a longer period according to the hospital protocols in place. Can be administered IM.,,"Y-site compatible with D5W, NaCl, LR.  The first dose of an anti-infective medication (mg) should not be influenced by the presence or absence of renal insufficiency in order to achieve an effective concentration quickly. If adjustments are necessary, these should be applied at subsequent doses.  Dosage adjustment in renal failure.  Usual neonatal dosing according to postmenstrual and postnatal age: (Postmenstrual age = gestational age + postnatal age)  Postmenstrual age < 32 weeks: 0 to 7 days : q12h More than 7 days : q8h  Postmenstrual age ≥ 32 weeks: 0 to 7 days : q8h More than 7 days : q6h","- UpToDate [Internet]. Waltham, MA.: Lexicomp Inc.; Available: www.uptodate.com. - Micromedex Healthcare Series [Internet]. Greenwood Village, Colo: Thomson Micromedex; Available: www.micromedex.com - Taketomo CK: Pediatric & Neonatal Dosage Handbook, 23 edn: Lexi-Comp, Inc.; 2016.   - Giudice M, Gr"
114,packed Red Blood Cells,pRBC,726,Anemia,Uncategorized,1,0,,IV over 5 min if massive hemorrhage,Rate of administration varies depending on the clinical indication,0,,,0,0,0,1250,0,0,"Repeat according to clinical response.  Transfusion threshold for newborn < 1 week of life: Hemoglobin < 90 g/L. (Adapt to the clinical situation with the recommendations of neonatology.)  May be administered over 3 hours if patient is stable.  In neonatology, prescribe blood transfusions in mL rather than units. 1 PRBC unit = approximately 320 mL  The sodium citrate in pRBC lowers calcium; monitor ionized/mesured calcium if repeated administration of pRBC.",,Nil,"- Whyte RK, Jefferies AL; Canadian Paediatric Society, Fetus and Newborn Committee. Red blood cell transfusion in newborn infants. Paediatr Child Health. 2014 Apr;19(4):213-22. - Favrais G, Wibaut B, Pladys P, Saliba E. Transfusion de culot globulaire chez le nouveau-né grand prématuré : ce qui a ch"
115,Cryoprecipitate,[],725,Coagulopathy,Uncategorized,1,0,,,Rate of administration varies depending on the clinical indication,0,,1 unit (≈ 15 mL) IV,0,0,0,0,0,0,Repeat according to clinical response.  Transfusion threshold : fibrinogen < 1.5-2 g/L. (Adapt to the clinical situation with the recommendations of neonatology.)  1 bag of cryoprecipitate = 1 unit (approximately 15 mL),,Nil,"- New HV, Berryman J, Bolton‐Maggs PH, Cantwell C, Chalmers EA, Davies T, Gottstein R, Kelleher A, Kumar S, Morley SL, Stanworth SJ. Guidelines on transfusion for fetuses, neonates and older children. British journal of haematology. 2016 Dec;175(5):784-828. - Blain S, Paterson N. Paediatric massive "
122,D10%,Dextrose 10%,554,Hypoglycemia,Uncategorized,1,0,,IV over 5-15 minutes,Administer undiluted on volume/time pump,0,mL,,0,0,0,250,0,0,"Thresholds for treatment of hypoglycaemia: Birth to 72 hours of age : 2.6 mmol/L ≥72 hours of age: 3.3 mmol/L  If D10% is unavailable: Presentation : Vial of D5% 1) Withdraw 63 mL of D50% 2) Add to 500 mL bag of D5%  3) Do NOT remove volume during preparation. 4) Final concentration : D10% 5) Rinse the tubing with the infusion before administration  6) Enter the required volume on the pump and administer over 5-15 minutes.  Administration of intrabuccal glucose gel while trying to establish IV access is a reasonable approach. If any glucose gel is unavailable, D50% intrabuccal can be used, but administer slowly, as there is a risk of choking.",,Nil,"- UpToDate [Internet]. Waltham, MA.: Lexicomp Inc.; Available: www.uptodate.com. - Micromedex Healthcare Series [Internet]. Greenwood Village, Colo: Thomson Micromedex; Available: www.micromedex.com  - Taketomo CK: Pediatric & Neonatal Dosage Handbook, 23 edn: Lexi-Comp, Inc.; 2016.           - Giud"
138,Gentamicin,Garamycin®,564,Usual Dosage,Uncategorized,1,0,,IV over 3-5 min,"Administer IV undiluted or diluted up to 1 mL of NaCl 0,9%",10,mg/mL,,0,0,0,80,0,0,"Caution: • Different concentrations available • Usual neonatal dosing according to postmenstrual and postnatal age: (Postmenstrual age = gestational age + postnatal age)  Neonatal dosing: Postmenstrual age < 30 weeks: 0 to 28 days : 3.8 mg/Kg q36h More than 28 days : 3.2 mg/Kg q24h  Postmenstrual age 30 à 39 weeks: 0 to 28 days : 3.2 mg/Kg q24h More than 28 days : 3 mg/Kg q18h  Postmenstrual age ≥ 40 weeks: 0 to 7 days : 3 mg/Kg q18h 7 to 28 days : 3 mg/Kg q12h For infants over 28 days, see dosing in Pediatric section  Additional information: • IV administration over 3-5 minutes is safe according to the literature. • It is possible to administer the drug over a longer period according to the hospital protocols in place. • Secondary dilution is not necessary. • Can be administered IM.",,"Y-site compatible with D5W, NaCl, LR.   Because of the risk of nephrotoxicity, consider another class of antibiotics in patients with CrCl less than 30 mL/min or in acute renal failure.  The first dose of an anti-infective medication (mg) should not be influenced by the presence or absence of renal insufficiency in order to achieve an effective concentration quickly. If adjustments are necessary, these should be applied at subsequent doses.  Dosage adjustment in renal failure.","- UpToDate [Internet]. Waltham, MA.: Lexicomp Inc.; Available: www.uptodate.com. - Micromedex Healthcare Series [Internet]. Greenwood Village, Colo: Thomson Micromedex; Available: www.micromedex.com - Taketomo CK: Pediatric & Neonatal Dosage Handbook, 23 edn: Lexi-Comp, Inc.; 2016.   - Giudice M, Gr"
138,Gentamicin,Garamycin®,564,Usual Dosage,Uncategorized,1,0,,IV over 3-5 min,"Administer IV undiluted or diluted up to 1 mL of NaCl 0,9%",10,mg/mL,,0,0,0,80,0,0,"Caution: • Different concentrations available • Usual neonatal dosing according to postmenstrual and postnatal age: (Postmenstrual age = gestational age + postnatal age)  Neonatal dosing: Postmenstrual age < 30 weeks: 0 to 28 days : 3.8 mg/Kg q36h More than 28 days : 3.2 mg/Kg q24h  Postmenstrual age 30 à 39 weeks: 0 to 28 days : 3.2 mg/Kg q24h More than 28 days : 3 mg/Kg q18h  Postmenstrual age ≥ 40 weeks: 0 to 7 days : 3 mg/Kg q18h 7 to 28 days : 3 mg/Kg q12h For infants over 28 days, see dosing in Pediatric section  Additional information: • IV administration over 3-5 minutes is safe according to the literature. • It is possible to administer the drug over a longer period according to the hospital protocols in place. • Secondary dilution is not necessary. • Can be administered IM.",,"Y-site compatible with D5W, NaCl, LR.   Because of the risk of nephrotoxicity, consider another class of antibiotics in patients with CrCl less than 30 mL/min or in acute renal failure.  The first dose of an anti-infective medication (mg) should not be influenced by the presence or absence of renal insufficiency in order to achieve an effective concentration quickly. If adjustments are necessary, these should be applied at subsequent doses.  Dosage adjustment in renal failure.","- UpToDate [Internet]. Waltham, MA.: Lexicomp Inc.; Available: www.uptodate.com. - Micromedex Healthcare Series [Internet]. Greenwood Village, Colo: Thomson Micromedex; Available: www.micromedex.com - Taketomo CK: Pediatric & Neonatal Dosage Handbook, 23 edn: Lexi-Comp, Inc.; 2016.   - Giudice M, Gr"
138,Gentamicin,Garamycin®,564,Usual Dosage,Uncategorized,1,0,,IV over 3-5 min,"Administer IV undiluted or diluted up to 1 mL of NaCl 0,9%",10,mg/mL,,0,0,0,80,0,0,"Caution: • Different concentrations available • Usual neonatal dosing according to postmenstrual and postnatal age: (Postmenstrual age = gestational age + postnatal age)  Neonatal dosing: Postmenstrual age < 30 weeks: 0 to 28 days : 3.8 mg/Kg q36h More than 28 days : 3.2 mg/Kg q24h  Postmenstrual age 30 à 39 weeks: 0 to 28 days : 3.2 mg/Kg q24h More than 28 days : 3 mg/Kg q18h  Postmenstrual age ≥ 40 weeks: 0 to 7 days : 3 mg/Kg q18h 7 to 28 days : 3 mg/Kg q12h For infants over 28 days, see dosing in Pediatric section  Additional information: • IV administration over 3-5 minutes is safe according to the literature. • It is possible to administer the drug over a longer period according to the hospital protocols in place. • Secondary dilution is not necessary. • Can be administered IM.",,"Y-site compatible with D5W, NaCl, LR.   Because of the risk of nephrotoxicity, consider another class of antibiotics in patients with CrCl less than 30 mL/min or in acute renal failure.  The first dose of an anti-infective medication (mg) should not be influenced by the presence or absence of renal insufficiency in order to achieve an effective concentration quickly. If adjustments are necessary, these should be applied at subsequent doses.  Dosage adjustment in renal failure.","- UpToDate [Internet]. Waltham, MA.: Lexicomp Inc.; Available: www.uptodate.com. - Micromedex Healthcare Series [Internet]. Greenwood Village, Colo: Thomson Micromedex; Available: www.micromedex.com - Taketomo CK: Pediatric & Neonatal Dosage Handbook, 23 edn: Lexi-Comp, Inc.; 2016.   - Giudice M, Gr"
160,Lidocaine IV,Xylocaine®,722,Pulseless VT/VF,Uncategorized,1,0,,IV push,Administer IV undiluted,20,mg/mL,,0,0,0,100,0,0,PALS 2020 recommends a single loading dose of 1 mg/Kg,,Nil,"- UpToDate [Internet]. Waltham, MA.: Lexicomp Inc.; Available: www.uptodate.com. - Micromedex Healthcare Series [Internet]. Greenwood Village, Colo: Thomson Micromedex; Available: www.micromedex.com  - Taketomo CK: Pediatric & Neonatal Dosage Handbook, 23 edn: Lexi-Comp, Inc.; 2016.           - Giud"
162,Magnesium (Sulfate),MgSO₄,723,Pulseless VT/VF associated with torsade de pointes,Uncategorized,1,0,,IV push,Administer IV DILUTED,20,mg/mL,,0,0,0,2000,0,0,Do NOT use MgSO4 500 mg/mL undiluted; unmeasurable volumes for neonatal doses Further dilution for final concentration at 20 mg/mL (If prediluted concentration is unavailable): Presentation : Vial of MgSO4 500 mg/mL 1) Withdraw 1 mL of MgSO4 500 mg/mL and transfer to a 30 or 50 mL syringe 2) Add to 24 mL of NaCl 0.9% to the syringe 3) Final concentration = 500 mg in 25 mL = 20 mg/mL,Dose expressed in mg of MgSO4,"The dose is expressed in mg of MgSO4, NOT in mg of elemental magnesium.","- UpToDate [Internet]. Waltham, MA.: Lexicomp Inc.; Available: www.uptodate.com. - Micromedex Healthcare Series [Internet]. Greenwood Village, Colo: Thomson Micromedex; Available: www.micromedex.com  - Taketomo CK: Pediatric & Neonatal Dosage Handbook, 23 edn: Lexi-Comp, Inc.; 2016.           - Giud"
177,Norepinephrine,Levophed®,3056,Shock,Uncategorized,1,0,Infusion (Premixed bag),,,16,mcg/mL,,0,0,0,90,0,0,"• Preferred concentration in children between 1 and 3 Kg = 16 mcg/mL or over 3 Kg = 32 mcg/mL.  • For concentration of norepinephrine 8 or 64 mcg/mL, see other tabs (Infusion by syringe pump or by pump) for dilution; not available in premixed commercial bags at 8 or 64 mcg/mL. • Use the lowest concentration if a peripheral venous access is used. • Rinse the tubing with the infusion before starting the administration  Suggested titration: 1) Start infusion at 0.05 mcg/kg/min 2) Titrate by increments of 0.02 mcg/kg/min q5min depending on clinical response. (Expert Opinion)",Premixed commercial bag at 16 or 32 mcg/mL (250 mL D5W),"Y-site compatible with D5W, NaCl, LR.   Although the preferred route of administration of vasopressors is via central venous access, multiple studies demonstrate that administration via a good quality peripheral access is safe if used for a short period of time and with frequent verifications of the access site.","- UpToDate [Internet]. Waltham, MA.: Lexicomp Inc.; Available: www.uptodate.com. - Micromedex Healthcare Series [Internet]. Greenwood Village, Colo: Thomson Micromedex; Available: www.micromedex.com - Taketomo CK: Pediatric & Neonatal Dosage Handbook, 23 edn: Lexi-Comp, Inc.; 2017. - Giudice M, Grég"
177,Norepinephrine,Levophed®,3056,Shock,Uncategorized,1,0,Infusion (Premixed bag),,,16,mcg/mL,,0,0,0,90,0,0,"• Preferred concentration in children between 1 and 3 Kg = 16 mcg/mL or over 3 Kg = 32 mcg/mL.  • For concentration of norepinephrine 8 or 64 mcg/mL, see other tabs (Infusion by syringe pump or by pump) for dilution; not available in premixed commercial bags at 8 or 64 mcg/mL. • Use the lowest concentration if a peripheral venous access is used. • Rinse the tubing with the infusion before starting the administration  Suggested titration: 1) Start infusion at 0.05 mcg/kg/min 2) Titrate by increments of 0.02 mcg/kg/min q5min depending on clinical response. (Expert Opinion)",Premixed commercial bag at 16 or 32 mcg/mL (250 mL D5W),"Y-site compatible with D5W, NaCl, LR.   Although the preferred route of administration of vasopressors is via central venous access, multiple studies demonstrate that administration via a good quality peripheral access is safe if used for a short period of time and with frequent verifications of the access site.","- UpToDate [Internet]. Waltham, MA.: Lexicomp Inc.; Available: www.uptodate.com. - Micromedex Healthcare Series [Internet]. Greenwood Village, Colo: Thomson Micromedex; Available: www.micromedex.com - Taketomo CK: Pediatric & Neonatal Dosage Handbook, 23 edn: Lexi-Comp, Inc.; 2017. - Giudice M, Grég"
177,Norepinephrine,Levophed®,3056,Shock,Uncategorized,1,1,Infusion (Pump),,,1,mg/mL,,0,0.4;0.8;1.6;3.2,0,90,50,0,"• Preferred concentration in children under 1 Kg = 8 mcg/mL, between 1 and 3 Kg = 16 mcg/mL, over 3 Kg = 32 mcg/mL or over 3 Kg AND in fluid restriction = 64 mcg/mL.  • Use the lowest concentration if a peripheral venous access is used. • Do NOT remove volume during preparation. • Rinse the tubing with the infusion before administration.  Suggested titration: 1) Start infusion at 0.05 mcg/kg/min 2) Titrate by increments of 0.02 mcg/kg/min q5min depending on clinical response. (Expert Opinion)",,"Y-site compatible with D5W, NaCl, LR.   Although the preferred route of administration of vasopressors is via central venous access, multiple studies demonstrate that administration via a good quality peripheral access is safe if used for a short period of time and with frequent verifications of the access site.","- UpToDate [Internet]. Waltham, MA.: Lexicomp Inc.; Available: www.uptodate.com. - Micromedex Healthcare Series [Internet]. Greenwood Village, Colo: Thomson Micromedex; Available: www.micromedex.com - Taketomo CK: Pediatric & Neonatal Dosage Handbook, 23 edn: Lexi-Comp, Inc.; 2017. - Giudice M, Grég"
177,Norepinephrine,Levophed®,3056,Shock,Uncategorized,1,1,Infusion (Pump),,,1,mg/mL,,0,0.4;0.8;1.6;3.2,0,90,50,0,"• Preferred concentration in children under 1 Kg = 8 mcg/mL, between 1 and 3 Kg = 16 mcg/mL, over 3 Kg = 32 mcg/mL or over 3 Kg AND in fluid restriction = 64 mcg/mL.  • Use the lowest concentration if a peripheral venous access is used. • Do NOT remove volume during preparation. • Rinse the tubing with the infusion before administration.  Suggested titration: 1) Start infusion at 0.05 mcg/kg/min 2) Titrate by increments of 0.02 mcg/kg/min q5min depending on clinical response. (Expert Opinion)",,"Y-site compatible with D5W, NaCl, LR.   Although the preferred route of administration of vasopressors is via central venous access, multiple studies demonstrate that administration via a good quality peripheral access is safe if used for a short period of time and with frequent verifications of the access site.","- UpToDate [Internet]. Waltham, MA.: Lexicomp Inc.; Available: www.uptodate.com. - Micromedex Healthcare Series [Internet]. Greenwood Village, Colo: Thomson Micromedex; Available: www.micromedex.com - Taketomo CK: Pediatric & Neonatal Dosage Handbook, 23 edn: Lexi-Comp, Inc.; 2017. - Giudice M, Grég"
177,Norepinephrine,Levophed®,3056,Shock,Uncategorized,1,2,Infusion (Syringe pump),,,1,mg/mL,,0,8;16;32;64,0,90,50,0,"• Preferred concentration in children under 1 Kg = 8 mcg/mL, between 1 and 3 Kg = 16 mcg/mL, over 3 Kg = 32 mcg/mL or over 3 Kg AND in fluid restriction = 64 mcg/mL.  • Use the lowest concentration if a peripheral venous access is used. • Rinse the tubing with the infusion before administration.  Suggested titration: 1) Start infusion at 0.05 mcg/kg/min 2) Titrate by increments of 0.02 mcg/kg/min q5min depending on clinical response. (Expert Opinion)",,"Y-site compatible with D5W, NaCl, LR.   Although the preferred route of administration of vasopressors is via central venous access, multiple studies demonstrate that administration via a good quality peripheral access is safe if used for a short period of time and with frequent verifications of the access site.","- UpToDate [Internet]. Waltham, MA.: Lexicomp Inc.; Available: www.uptodate.com. - Micromedex Healthcare Series [Internet]. Greenwood Village, Colo: Thomson Micromedex; Available: www.micromedex.com - Taketomo CK: Pediatric & Neonatal Dosage Handbook, 23 edn: Lexi-Comp, Inc.; 2017. - Giudice M, Grég"
177,Norepinephrine,Levophed®,3056,Shock,Uncategorized,1,2,Infusion (Syringe pump),,,1,mg/mL,,0,8;16;32;64,0,90,50,0,"• Preferred concentration in children under 1 Kg = 8 mcg/mL, between 1 and 3 Kg = 16 mcg/mL, over 3 Kg = 32 mcg/mL or over 3 Kg AND in fluid restriction = 64 mcg/mL.  • Use the lowest concentration if a peripheral venous access is used. • Rinse the tubing with the infusion before administration.  Suggested titration: 1) Start infusion at 0.05 mcg/kg/min 2) Titrate by increments of 0.02 mcg/kg/min q5min depending on clinical response. (Expert Opinion)",,"Y-site compatible with D5W, NaCl, LR.   Although the preferred route of administration of vasopressors is via central venous access, multiple studies demonstrate that administration via a good quality peripheral access is safe if used for a short period of time and with frequent verifications of the access site.","- UpToDate [Internet]. Waltham, MA.: Lexicomp Inc.; Available: www.uptodate.com. - Micromedex Healthcare Series [Internet]. Greenwood Village, Colo: Thomson Micromedex; Available: www.micromedex.com - Taketomo CK: Pediatric & Neonatal Dosage Handbook, 23 edn: Lexi-Comp, Inc.; 2017. - Giudice M, Grég"
189,Fresh Frozen Plasma,FFP,728,Coagulopathy,Uncategorized,1,0,,,Rate varies according to indication,0,,,0,0,0,250,0,0,"Repeat according to clinical response.  Transfusion threshold: INR > 1.8. (Adapt to the clinical situation with the recommendations of neonatology.)   In neonatology, prescribe transfusions in mL rather than units. 1 bag of FFP = approximately 250 mL",,Nil,"- New HV, Berryman J, Bolton-Maggs PH, Cantwell C, Chalmers EA, Davies T, Gottstein R, Kelleher A, Kumar S, Morley SL, Stanworth SJ; British Committee for Standards in Haematology. Guidelines on transfusion for fetuses, neonates and older children. Br J Haematol. 2016 Dec;175(5):784-828.  - Sokou R,"
200,Sugammadex,Bridion®,553,Urgent reversal of rocuronium,Uncategorized,1,0,,IV over 10 seconds,Administer IV undiluted,100,mg/mL,,0,0,0,999,0,0,Nil,,"Y-site compatible with D5W, NaCl, LR.  For reversal of rocuronium and vecuronium only. Does not reverse the effect of depolarizing agents (succinylcholine) ou cisatracurium. Adverse reactions: bradycardia, anaphylaxis Interferes with aPTT and PT tests without causing coagulopathy","- Giudice M, Grégoire N, Massicotte A. Manuel sur la pharmacothérapie parentérale de l’Hôpital d’Ottawa. 4e ed. Ottawa (Canada): Hôpital d'Ottawa; 2019. - Plaud B, Meretoja O, Hofmockel R, Raft J, Stoddart PA, van Kuijk JH, Hermens Y, Mirakhur RK. Reversal of rocuronium-induced neuromuscular blockad"
205,Vitamin K,Phytonadione,836,Prophylaxis for vitamin K deficiency bleeding,Uncategorized,1,0,IM,,Administer IM undiluted in the thigh,10,mg/mL,1 mg (0.1 mL) IM,0,0,0,0,0,0,Oral administration of vitamin K is less effective than IM administration.,,Protect from light,"- UpToDate [Internet]. Waltham, MA.: Lexicomp Inc.; Available: www.uptodate.com. - Micromedex Healthcare Series [Internet]. Greenwood Village, Colo: Thomson Micromedex; Available: www.micromedex.com  - Taketomo CK: Pediatric & Neonatal Dosage Handbook, 23 edn: Lexi-Comp, Inc.; 2016.           - Giud"
205,Vitamin K,Phytonadione,836,Prophylaxis for vitamin K deficiency bleeding,Uncategorized,1,1,IV,IV over 30 minutes,Add to 2mL of NaCl 0.9%,10,mg/mL,0.5 mg (0.05 mL),0,0,0,0,0,0,"Rapid IV administration may cause anaphylactoid reactions with possible hypotension. In the context of prophylaxis, administer over 30 minutes.  Despite the Canadian Pediatric Society's lack of position on IV vitamin K, consider IV administration in premature infants less than 28 weeks of gestation. IM administration in the thigh is difficult due to low muscle mass.",,Protect from light,"- UpToDate [Internet]. Waltham, MA.: Lexicomp Inc.; Available: www.uptodate.com. - Micromedex Healthcare Series [Internet]. Greenwood Village, Colo: Thomson Micromedex; Available: www.micromedex.com  - Taketomo CK: Pediatric & Neonatal Dosage Handbook, 23 edn: Lexi-Comp, Inc.; 2016.           - Giud"
210,Tobramycin,Nebcin®,565,Usual Dosage,Uncategorized,1,0,,IV over 3-5 min,"Administer IV undiluted or diluted up to 1 mL of NaCl 0,9%",10,mg/mL,,0,0,0,80,0,0,"Attention: • Different concentrations available • Usual neonatal dosing according to postmenstrual and postnatal age: (Postmenstrual age = gestational age + postnatal age)  Neonatal dosing: Postmenstrual age < 30 weeks: 0 to 28 days : 3.8 mg/Kg q36h More than 28 days : 3.2 mg/Kg q24h  Postmenstrual age 30 à 39 weeks: 0 to 28 days : 3.2 mg/Kg q24h More than 28 days : 3 mg/Kg q18h  Postmenstrual age ≥ 40 weeks: 0 to 7 days : 3 mg/Kg q18h 7 to 28 days : 3 mg/Kg q12h For infants over 28 days, see dosing in Pediatric section  Additional information: • IV administration over 3-5 minutes is safe according to the literature. • It is possible to administer the drug over a longer period according to the hospital protocols in place. • Secondary dilution not necessary. • Can be administered IM.",,"Y-site compatible with D5W, NaCl, LR.   Because of the risk of nephrotoxicity, consider another class of antibiotics in patients with CrCl less than 30 mL/min or in acute renal failure.  The first dose of an anti-infective medication (mg) should not be influenced by the presence or absence of renal insufficiency in order to achieve an effective concentration quickly. If adjustments are necessary, these should be applied at subsequent doses.  Dosage adjustment in renal failure.","- UpToDate [Internet]. Waltham, MA.: Lexicomp Inc.; Available: www.uptodate.com. - Micromedex Healthcare Series [Internet]. Greenwood Village, Colo: Thomson Micromedex; Available: www.micromedex.com - Taketomo CK: Pediatric & Neonatal Dosage Handbook, 23 edn: Lexi-Comp, Inc.; 2016.   - Giudice M, Gr"
210,Tobramycin,Nebcin®,565,Usual Dosage,Uncategorized,1,0,,IV over 3-5 min,"Administer IV undiluted or diluted up to 1 mL of NaCl 0,9%",10,mg/mL,,0,0,0,80,0,0,"Attention: • Different concentrations available • Usual neonatal dosing according to postmenstrual and postnatal age: (Postmenstrual age = gestational age + postnatal age)  Neonatal dosing: Postmenstrual age < 30 weeks: 0 to 28 days : 3.8 mg/Kg q36h More than 28 days : 3.2 mg/Kg q24h  Postmenstrual age 30 à 39 weeks: 0 to 28 days : 3.2 mg/Kg q24h More than 28 days : 3 mg/Kg q18h  Postmenstrual age ≥ 40 weeks: 0 to 7 days : 3 mg/Kg q18h 7 to 28 days : 3 mg/Kg q12h For infants over 28 days, see dosing in Pediatric section  Additional information: • IV administration over 3-5 minutes is safe according to the literature. • It is possible to administer the drug over a longer period according to the hospital protocols in place. • Secondary dilution not necessary. • Can be administered IM.",,"Y-site compatible with D5W, NaCl, LR.   Because of the risk of nephrotoxicity, consider another class of antibiotics in patients with CrCl less than 30 mL/min or in acute renal failure.  The first dose of an anti-infective medication (mg) should not be influenced by the presence or absence of renal insufficiency in order to achieve an effective concentration quickly. If adjustments are necessary, these should be applied at subsequent doses.  Dosage adjustment in renal failure.","- UpToDate [Internet]. Waltham, MA.: Lexicomp Inc.; Available: www.uptodate.com. - Micromedex Healthcare Series [Internet]. Greenwood Village, Colo: Thomson Micromedex; Available: www.micromedex.com - Taketomo CK: Pediatric & Neonatal Dosage Handbook, 23 edn: Lexi-Comp, Inc.; 2016.   - Giudice M, Gr"
210,Tobramycin,Nebcin®,565,Usual Dosage,Uncategorized,1,0,,IV over 3-5 min,"Administer IV undiluted or diluted up to 1 mL of NaCl 0,9%",10,mg/mL,,0,0,0,80,0,0,"Attention: • Different concentrations available • Usual neonatal dosing according to postmenstrual and postnatal age: (Postmenstrual age = gestational age + postnatal age)  Neonatal dosing: Postmenstrual age < 30 weeks: 0 to 28 days : 3.8 mg/Kg q36h More than 28 days : 3.2 mg/Kg q24h  Postmenstrual age 30 à 39 weeks: 0 to 28 days : 3.2 mg/Kg q24h More than 28 days : 3 mg/Kg q18h  Postmenstrual age ≥ 40 weeks: 0 to 7 days : 3 mg/Kg q18h 7 to 28 days : 3 mg/Kg q12h For infants over 28 days, see dosing in Pediatric section  Additional information: • IV administration over 3-5 minutes is safe according to the literature. • It is possible to administer the drug over a longer period according to the hospital protocols in place. • Secondary dilution not necessary. • Can be administered IM.",,"Y-site compatible with D5W, NaCl, LR.   Because of the risk of nephrotoxicity, consider another class of antibiotics in patients with CrCl less than 30 mL/min or in acute renal failure.  The first dose of an anti-infective medication (mg) should not be influenced by the presence or absence of renal insufficiency in order to achieve an effective concentration quickly. If adjustments are necessary, these should be applied at subsequent doses.  Dosage adjustment in renal failure.","- UpToDate [Internet]. Waltham, MA.: Lexicomp Inc.; Available: www.uptodate.com. - Micromedex Healthcare Series [Internet]. Greenwood Village, Colo: Thomson Micromedex; Available: www.micromedex.com - Taketomo CK: Pediatric & Neonatal Dosage Handbook, 23 edn: Lexi-Comp, Inc.; 2016.   - Giudice M, Gr"
211,Platelets,[],727,Thrombocytopenia,Uncategorized,1,0,,,Rate of administration varies depending on the clinical indication,0,,,0,0,0,350,0,0,"Repeat according to clinical response.  Transfusion threshold in hemorrhage or transport : platelets < 50 x 10^9/L. (Adapt to the clinical situation with the recommendations of neonatology.)  In neonatology, prescribe transfusions in mL rather than units. 1 platelets unit (apheresis) = approximately 250 mL",,Nil,"- Carr R, Kelly AM, Williamson LM. Neonatal thrombocytopenia and platelet transfusion - a UK perspective. Neonatology. 2015;107(1):1-7.  - Curley A, Stanworth SJ, Willoughby K, Fustolo-Gunnink SF, Venkatesh V, Hudson C, Deary A, Hodge R, Hopkins V, Lopez Santamaria B, Mora A. Randomized trial of pla"
212,NaCl 0.9%,Bolus,566,Fluid bolus,Uncategorized,1,0,,IV over 5-10 minutes,Administer on volume/time pump,0,mL,,0,0,0,500,0,0,"For patients < 32 weeks, if the clinical condition allows, favor administration over at least 10 minutes to reduce the risk of intraventricular hemorrhage.  Repeat as needed with clinical reassessment between each bolus. In the absence of confirmed neonatal anemia, consider early administration of vasopressors after 1 bolus.",,Nil,"- Aziz K, Lee CHC, Escobedo MB, Hoover AV, Kamath-Rayne BD, Kapadia VS, Magid DJ, Niermeyer S, Schmölzer GM, Szyld E, Weiner GM, Wyckoff MH, Yamada NK, Zaichkin J. Part 5: Neonatal Resuscitation 2020 American Heart Association Guidelines for Cardiopulmonary Resuscitation and Emergency Cardiovascular"
213,D10% infusion,"{""fr"":null}",729,Maintenance fluids,Uncategorized,1,0,Newborn ≥ 35 weeks,,,0,,,0,(60*[poids])/24,0,0,0,0,"Usual fluid requirements in the first 24 hours of life. After 24 hours, consider adding electrolytes to the D10W in the absence of renal insufficiency. Daily increase of 10 to 20 mL/kg/day. Target fluid requirements at 5–6 days of life: 150–160 mL/kg/day (up to 180 mL/kg/day in very premature infants)",D10W with or without electrolytes,Nil,"- Bell EF, Acarregui MJ. Restricted versus liberal water intake for preventing morbidity and mortality in preterm infants. Cochrane Database of Systematic Reviews 2014, Issue 12. Art. No.: CD000503. - Dathan K, Sundaram M. Comparison of isotonic versus hypotonic intravenous fluid for maintenance flu"
213,D10% infusion,"{""fr"":null}",729,Maintenance fluids,Uncategorized,1,1,Newborn < 35 weeks,,,0,,,0,(80*[poids])/24,0,0,0,0,"Usual fluid requirements in the first 24 hours of life. After 24 hours, consider adding electrolytes to the D10W infusion in the absence of renal insufficiency. Increase daily by 10 to 20 mL/kg/day. Target fluid requirements at 5–6 days of life: 150–160 mL/kg/day (up to 180 mL/kg/day in very premature infants)",D10W with or without electrolytes,Nil,"- Bell EF, Acarregui MJ. Restricted versus liberal water intake for preventing morbidity and mortality in preterm infants. Cochrane Database of Systematic Reviews 2014, Issue 12. Art. No.: CD000503. - Dathan K, Sundaram M. Comparison of isotonic versus hypotonic intravenous fluid for maintenance flu"
223,Poractant alpha,Curosurf®,1077,Respiratory distress syndrome of the newborn,Uncategorized,1,0,1st dose,Administer endotracheal undiluted over 5 sec,By multi-access endotracheal catheter by classic or less invasive method,80,mg/mL,,0.1,0,0,360,0,0,"Attention: • Opinion of Neonatology recommended • Administration with respiratory therapist • Avoid endotracheal aspiration within 2 hours after administration.  Technique: 1) Warm the vial at room temperature for 20 minutes or by placing it in the hands for 5 minutes,  2) Gently swirl, without shaking, to obtain a uniform whitish suspension. 3) Gently flush the endotracheal catheter with 1 mL of air after administration to avoid risk of obstruction of the endotracheal tube.  4) Adjust ventilatory parameters : Lung compliance and oxygenation may improve very quickly after instillation; it is essential to quickly adjust the ventilatory parameters to avoid hyperoxia and pulmonary distension. Risk of pneumothorax if pressure ventilation.  Additional informations: • 1st dose of 200 mg/Kg, repeat a 2nd and 3rd dose of 100 mg/Kg every 12 hours if necessary. • Natural porcine lung surfactant • Salvage treatment of idiopathic respiratory distress syndrome (RDS) of premature newborns (> 25 weeks), neonatal RDS associated with meconium aspiration, pulmonary hamorrhage or pneumonia",,Keep refrigerated Protect from light Unopened vial can be stored for a maximum of 24 hours at room temperature and can be refrigerated again (once only),"- Ng EH, Shah V. Les directives pour le traitement par surfactant exogène chez le nouveau-né. Paediatrics & Child Health. 2021 Feb;26(1):42-9. - Aldana-Aguirre JC, Pinto M, Featherstone RM, et al. Less Invasive Surfactant Administration Versus Intubation for Surfactant Delivery in Preterm Infants Wi"
223,Poractant alpha,Curosurf®,1077,Respiratory distress syndrome of the newborn,Uncategorized,1,0,1st dose,Administer endotracheal undiluted over 5 sec,By multi-access endotracheal catheter by classic or less invasive method,80,mg/mL,,2.1,0,0,480,0,0,"Attention: • Opinion of Neonatology recommended • Administration with respiratory therapist • Avoid endotracheal aspiration within 2 hours after administration.  Technique: 1) Warm the vial at room temperature for 20 minutes or by placing it in the hands for 5 minutes,  2) Gently swirl, without shaking, to obtain a uniform whitish suspension. 3) Gently flush the endotracheal catheter with 1 mL of air after administration to avoid risk of obstruction of the endotracheal tube.  4) Adjust ventilatory parameters : Lung compliance and oxygenation may improve very quickly after instillation; it is essential to quickly adjust the ventilatory parameters to avoid hyperoxia and pulmonary distension. Risk of pneumothorax if pressure ventilation.  Additional informations: • 1st dose of 200 mg/Kg, repeat a 2nd and 3rd dose of 100 mg/Kg every 12 hours if necessary. • Natural porcine lung surfactant • Salvage treatment of idiopathic respiratory distress syndrome (RDS) of premature newborns (> 25 weeks), neonatal RDS associated with meconium aspiration, pulmonary hamorrhage or pneumonia",,Keep refrigerated Protect from light Unopened vial can be stored for a maximum of 24 hours at room temperature and can be refrigerated again (once only),"- Ng EH, Shah V. Les directives pour le traitement par surfactant exogène chez le nouveau-né. Paediatrics & Child Health. 2021 Feb;26(1):42-9. - Aldana-Aguirre JC, Pinto M, Featherstone RM, et al. Less Invasive Surfactant Administration Versus Intubation for Surfactant Delivery in Preterm Infants Wi"
223,Poractant alpha,Curosurf®,1077,Respiratory distress syndrome of the newborn,Uncategorized,1,0,1st dose,Administer endotracheal undiluted over 5 sec,By multi-access endotracheal catheter by classic or less invasive method,80,mg/mL,,2.7,0,0,600,0,0,"Attention: • Opinion of Neonatology recommended • Administration with respiratory therapist • Avoid endotracheal aspiration within 2 hours after administration.  Technique: 1) Warm the vial at room temperature for 20 minutes or by placing it in the hands for 5 minutes,  2) Gently swirl, without shaking, to obtain a uniform whitish suspension. 3) Gently flush the endotracheal catheter with 1 mL of air after administration to avoid risk of obstruction of the endotracheal tube.  4) Adjust ventilatory parameters : Lung compliance and oxygenation may improve very quickly after instillation; it is essential to quickly adjust the ventilatory parameters to avoid hyperoxia and pulmonary distension. Risk of pneumothorax if pressure ventilation.  Additional informations: • 1st dose of 200 mg/Kg, repeat a 2nd and 3rd dose of 100 mg/Kg every 12 hours if necessary. • Natural porcine lung surfactant • Salvage treatment of idiopathic respiratory distress syndrome (RDS) of premature newborns (> 25 weeks), neonatal RDS associated with meconium aspiration, pulmonary hamorrhage or pneumonia",,Keep refrigerated Protect from light Unopened vial can be stored for a maximum of 24 hours at room temperature and can be refrigerated again (once only),"- Ng EH, Shah V. Les directives pour le traitement par surfactant exogène chez le nouveau-né. Paediatrics & Child Health. 2021 Feb;26(1):42-9. - Aldana-Aguirre JC, Pinto M, Featherstone RM, et al. Less Invasive Surfactant Administration Versus Intubation for Surfactant Delivery in Preterm Infants Wi"
223,Poractant alpha,Curosurf®,1077,Respiratory distress syndrome of the newborn,Uncategorized,1,0,1st dose,Administer endotracheal undiluted over 5 sec,By multi-access endotracheal catheter by classic or less invasive method,80,mg/mL,,3.4,0,0,720,0,0,"Attention: • Opinion of Neonatology recommended • Administration with respiratory therapist • Avoid endotracheal aspiration within 2 hours after administration.  Technique: 1) Warm the vial at room temperature for 20 minutes or by placing it in the hands for 5 minutes,  2) Gently swirl, without shaking, to obtain a uniform whitish suspension. 3) Gently flush the endotracheal catheter with 1 mL of air after administration to avoid risk of obstruction of the endotracheal tube.  4) Adjust ventilatory parameters : Lung compliance and oxygenation may improve very quickly after instillation; it is essential to quickly adjust the ventilatory parameters to avoid hyperoxia and pulmonary distension. Risk of pneumothorax if pressure ventilation.  Additional informations: • 1st dose of 200 mg/Kg, repeat a 2nd and 3rd dose of 100 mg/Kg every 12 hours if necessary. • Natural porcine lung surfactant • Salvage treatment of idiopathic respiratory distress syndrome (RDS) of premature newborns (> 25 weeks), neonatal RDS associated with meconium aspiration, pulmonary hamorrhage or pneumonia",,Keep refrigerated Protect from light Unopened vial can be stored for a maximum of 24 hours at room temperature and can be refrigerated again (once only),"- Ng EH, Shah V. Les directives pour le traitement par surfactant exogène chez le nouveau-né. Paediatrics & Child Health. 2021 Feb;26(1):42-9. - Aldana-Aguirre JC, Pinto M, Featherstone RM, et al. Less Invasive Surfactant Administration Versus Intubation for Surfactant Delivery in Preterm Infants Wi"
223,Poractant alpha,Curosurf®,1077,Respiratory distress syndrome of the newborn,Uncategorized,1,0,1st dose,Administer endotracheal undiluted over 5 sec,By multi-access endotracheal catheter by classic or less invasive method,80,mg/mL,,4.1,0,0,840,0,0,"Attention: • Opinion of Neonatology recommended • Administration with respiratory therapist • Avoid endotracheal aspiration within 2 hours after administration.  Technique: 1) Warm the vial at room temperature for 20 minutes or by placing it in the hands for 5 minutes,  2) Gently swirl, without shaking, to obtain a uniform whitish suspension. 3) Gently flush the endotracheal catheter with 1 mL of air after administration to avoid risk of obstruction of the endotracheal tube.  4) Adjust ventilatory parameters : Lung compliance and oxygenation may improve very quickly after instillation; it is essential to quickly adjust the ventilatory parameters to avoid hyperoxia and pulmonary distension. Risk of pneumothorax if pressure ventilation.  Additional informations: • 1st dose of 200 mg/Kg, repeat a 2nd and 3rd dose of 100 mg/Kg every 12 hours if necessary. • Natural porcine lung surfactant • Salvage treatment of idiopathic respiratory distress syndrome (RDS) of premature newborns (> 25 weeks), neonatal RDS associated with meconium aspiration, pulmonary hamorrhage or pneumonia",,Keep refrigerated Protect from light Unopened vial can be stored for a maximum of 24 hours at room temperature and can be refrigerated again (once only),"- Ng EH, Shah V. Les directives pour le traitement par surfactant exogène chez le nouveau-né. Paediatrics & Child Health. 2021 Feb;26(1):42-9. - Aldana-Aguirre JC, Pinto M, Featherstone RM, et al. Less Invasive Surfactant Administration Versus Intubation for Surfactant Delivery in Preterm Infants Wi"
223,Poractant alpha,Curosurf®,1077,Respiratory distress syndrome of the newborn,Uncategorized,1,1,2nd & 3nd dose,Administer endotracheal undiluted over 5 sec,By multi-access endotracheal catheter by classic or less invasive method,80,mg/mL,,0.1,0,0,240,0,0,"Attention: • Opinion of Neonatology recommended • Administration with respiratory therapist • Avoid endotracheal aspiration within 2 hours after administration.  Technique: 1) Warm the vial at room temperature for 20 minutes or by placing it in the hands for 5 minutes,  2) Gently swirl, without shaking, to obtain a uniform whitish suspension. 3) Gently flush the endotracheal catheter with 1 mL of air after administration to avoid risk of obstruction of the endotracheal tube.  4) Adjust ventilatory parameters : Lung compliance and oxygenation may improve very quickly after instillation; it is essential to quickly adjust the ventilatory parameters to avoid hyperoxia and pulmonary distension. Risk of pneumothorax if pressure ventilation.  Additional informations: • 1st dose of 200 mg/Kg, repeat a 2nd and 3rd dose of 100 mg/Kg every 12 hours if necessary. • Natural porcine lung surfactant • Salvage treatment of idiopathic respiratory distress syndrome (RDS) of premature newborns (> 25 weeks), neonatal RDS associated with meconium aspiration, pulmonary haemorrhage or pneumonia",,Keep refrigerated Protect from light Unopened vial can be stored for a maximum of 24 hours at room temperature and can be refrigerated again (once only),"- Ng EH, Shah V. Les directives pour le traitement par surfactant exogène chez le nouveau-né. Paediatrics & Child Health. 2021 Feb;26(1):42-9. - Aldana-Aguirre JC, Pinto M, Featherstone RM, et al. Less Invasive Surfactant Administration Versus Intubation for Surfactant Delivery in Preterm Infants Wi"
223,Poractant alpha,Curosurf®,1077,Respiratory distress syndrome of the newborn,Uncategorized,1,1,2nd & 3nd dose,Administer endotracheal undiluted over 5 sec,By multi-access endotracheal catheter by classic or less invasive method,80,mg/mL,,2.1,0,0,240,0,0,"Attention: • Opinion of Neonatology recommended • Administration with respiratory therapist • Avoid endotracheal aspiration within 2 hours after administration.  Technique: 1) Warm the vial at room temperature for 20 minutes or by placing it in the hands for 5 minutes,  2) Gently swirl, without shaking, to obtain a uniform whitish suspension. 3) Gently flush the endotracheal catheter with 1 mL of air after administration to avoid risk of obstruction of the endotracheal tube.  4) Adjust ventilatory parameters : Lung compliance and oxygenation may improve very quickly after instillation; it is essential to quickly adjust the ventilatory parameters to avoid hyperoxia and pulmonary distension. Risk of pneumothorax if pressure ventilation.  Additional informations: • 1st dose of 200 mg/Kg, repeat a 2nd and 3rd dose of 100 mg/Kg every 12 hours if necessary. • Natural porcine lung surfactant • Salvage treatment of idiopathic respiratory distress syndrome (RDS) of premature newborns (> 25 weeks), neonatal RDS associated with meconium aspiration, pulmonary haemorrhage or pneumonia",,Keep refrigerated Protect from light Unopened vial can be stored for a maximum of 24 hours at room temperature and can be refrigerated again (once only),"- Ng EH, Shah V. Les directives pour le traitement par surfactant exogène chez le nouveau-né. Paediatrics & Child Health. 2021 Feb;26(1):42-9. - Aldana-Aguirre JC, Pinto M, Featherstone RM, et al. Less Invasive Surfactant Administration Versus Intubation for Surfactant Delivery in Preterm Infants Wi"
223,Poractant alpha,Curosurf®,1077,Respiratory distress syndrome of the newborn,Uncategorized,1,1,2nd & 3nd dose,Administer endotracheal undiluted over 5 sec,By multi-access endotracheal catheter by classic or less invasive method,80,mg/mL,,2.7,0,360,360,0,0,"Attention: • Opinion of Neonatology recommended • Administration with respiratory therapist • Avoid endotracheal aspiration within 2 hours after administration.  Technique: 1) Warm the vial at room temperature for 20 minutes or by placing it in the hands for 5 minutes,  2) Gently swirl, without shaking, to obtain a uniform whitish suspension. 3) Gently flush the endotracheal catheter with 1 mL of air after administration to avoid risk of obstruction of the endotracheal tube.  4) Adjust ventilatory parameters : Lung compliance and oxygenation may improve very quickly after instillation; it is essential to quickly adjust the ventilatory parameters to avoid hyperoxia and pulmonary distension. Risk of pneumothorax if pressure ventilation.  Additional informations: • 1st dose of 200 mg/Kg, repeat a 2nd and 3rd dose of 100 mg/Kg every 12 hours if necessary. • Natural porcine lung surfactant • Salvage treatment of idiopathic respiratory distress syndrome (RDS) of premature newborns (> 25 weeks), neonatal RDS associated with meconium aspiration, pulmonary haemorrhage or pneumonia",,Keep refrigerated Protect from light Unopened vial can be stored for a maximum of 24 hours at room temperature and can be refrigerated again (once only),"- Ng EH, Shah V. Les directives pour le traitement par surfactant exogène chez le nouveau-né. Paediatrics & Child Health. 2021 Feb;26(1):42-9. - Aldana-Aguirre JC, Pinto M, Featherstone RM, et al. Less Invasive Surfactant Administration Versus Intubation for Surfactant Delivery in Preterm Infants Wi"
223,Poractant alpha,Curosurf®,1077,Respiratory distress syndrome of the newborn,Uncategorized,1,1,2nd & 3nd dose,Administer endotracheal undiluted over 5 sec,By multi-access endotracheal catheter by classic or less invasive method,80,mg/mL,,3.4,0,360,360,0,0,"Attention: • Opinion of Neonatology recommended • Administration with respiratory therapist • Avoid endotracheal aspiration within 2 hours after administration.  Technique: 1) Warm the vial at room temperature for 20 minutes or by placing it in the hands for 5 minutes,  2) Gently swirl, without shaking, to obtain a uniform whitish suspension. 3) Gently flush the endotracheal catheter with 1 mL of air after administration to avoid risk of obstruction of the endotracheal tube.  4) Adjust ventilatory parameters : Lung compliance and oxygenation may improve very quickly after instillation; it is essential to quickly adjust the ventilatory parameters to avoid hyperoxia and pulmonary distension. Risk of pneumothorax if pressure ventilation.  Additional informations: • 1st dose of 200 mg/Kg, repeat a 2nd and 3rd dose of 100 mg/Kg every 12 hours if necessary. • Natural porcine lung surfactant • Salvage treatment of idiopathic respiratory distress syndrome (RDS) of premature newborns (> 25 weeks), neonatal RDS associated with meconium aspiration, pulmonary haemorrhage or pneumonia",,Keep refrigerated Protect from light Unopened vial can be stored for a maximum of 24 hours at room temperature and can be refrigerated again (once only),"- Ng EH, Shah V. Les directives pour le traitement par surfactant exogène chez le nouveau-né. Paediatrics & Child Health. 2021 Feb;26(1):42-9. - Aldana-Aguirre JC, Pinto M, Featherstone RM, et al. Less Invasive Surfactant Administration Versus Intubation for Surfactant Delivery in Preterm Infants Wi"
223,Poractant alpha,Curosurf®,1077,Respiratory distress syndrome of the newborn,Uncategorized,1,1,2nd & 3nd dose,Administer endotracheal undiluted over 5 sec,By multi-access endotracheal catheter by classic or less invasive method,80,mg/mL,,4.1,0,480,480,0,0,"Attention: • Opinion of Neonatology recommended • Administration with respiratory therapist • Avoid endotracheal aspiration within 2 hours after administration.  Technique: 1) Warm the vial at room temperature for 20 minutes or by placing it in the hands for 5 minutes,  2) Gently swirl, without shaking, to obtain a uniform whitish suspension. 3) Gently flush the endotracheal catheter with 1 mL of air after administration to avoid risk of obstruction of the endotracheal tube.  4) Adjust ventilatory parameters : Lung compliance and oxygenation may improve very quickly after instillation; it is essential to quickly adjust the ventilatory parameters to avoid hyperoxia and pulmonary distension. Risk of pneumothorax if pressure ventilation.  Additional informations: • 1st dose of 200 mg/Kg, repeat a 2nd and 3rd dose of 100 mg/Kg every 12 hours if necessary. • Natural porcine lung surfactant • Salvage treatment of idiopathic respiratory distress syndrome (RDS) of premature newborns (> 25 weeks), neonatal RDS associated with meconium aspiration, pulmonary haemorrhage or pneumonia",,Keep refrigerated Protect from light Unopened vial can be stored for a maximum of 24 hours at room temperature and can be refrigerated again (once only),"- Ng EH, Shah V. Les directives pour le traitement par surfactant exogène chez le nouveau-né. Paediatrics & Child Health. 2021 Feb;26(1):42-9. - Aldana-Aguirre JC, Pinto M, Featherstone RM, et al. Less Invasive Surfactant Administration Versus Intubation for Surfactant Delivery in Preterm Infants Wi"
224,Bovine lipid extract surfactant,BLES®,1078,Respiratory distress syndrome of the newborn,Uncategorized,1,0,,Administer endotracheal undiluted in 5sec,By multi-access endotracheal catheter by classic or less invasive method,27,mg/mL,,0,0,0,675,0,0,"Attention: • Opinion of Neonatology recommended • Administration with respiratory therapist • Avoid endotracheal aspiration within 2 hours after administration. • Repeat dose for a total of 4 doses without precise interval in the first 5 days of life according to oxygen needs.   Technique: 1) Warm the vial at room temperature for 20 minutes or by placing it in the hands for 5 minutes,  2) Gently swirl, without shaking, to obtain a uniform whitish suspension. 3) Gently flush the endotracheal catheter with 1 mL of air after administration to avoid risk of obstruction of the endotracheal tube.  4) Adjust ventilatory parameters : Lung compliance and oxygenation may improve very quickly after instillation; it is essential to quickly adjust the ventilatory parameters to avoid hyperoxia and pulmonary distension. Risk of pneumothorax if pressure ventilation.  Additional informations: • Salvage treatment of idiopathic respiratory distress syndrome (RDS) of premature newborns (> 25 weeks), neonatal RDS associated with meconium aspiration, pulmonary haemorrhage or pneumonia",,Keep refrigerated Protect from light Unopened vial can be stored for a maximum of 6 hours at room temperature and can be refrigerated again (twice),"- Ng EH, Shah V. Les directives pour le traitement par surfactant exogène chez le nouveau-né. Paediatrics & Child Health. 2021 Feb;26(1):42-9. - Aldana-Aguirre JC, Pinto M, Featherstone RM, et al. Less Invasive Surfactant Administration Versus Intubation for Surfactant Delivery in Preterm Infants Wi"
225,Beractant,Survanta®,1079,Respiratory distress syndrome of the newborn,Uncategorized,1,0,,Administer endotracheal undiluted over 5 sec,By multi-access endotracheal catheter by classic or less invasive method,25,mg/mL,,0,0,0,500,0,0,"Caution:  • Opinion of Neonatology recommended • Administration with respiratory therapist • Avoid endotracheal aspiration within 2 hours after administration. • Repeat a dose every 6 to 12 hours if necessary.  Technique: 1) Warm the vial at room temperature for 20 minutes or by placing it in the hands for 5 minutes,  2) Gently swirl, without shaking, to obtain a uniform whitish suspension. 3) Gently flush the endotracheal catheter with 1 mL of air after administration to avoid risk of obstruction of the endotracheal tube.  4) Adjust ventilatory parameters : Lung compliance and oxygenation may improve very quickly after instillation; it is essential to quickly adjust the ventilatory parameters to avoid hyperoxia and pulmonary distension. Risk of pneumothorax if pressure ventilation.  Additional informations: • Natural porcine lung surfactant • Salvage treatment of idiopathic respiratory distress syndrome (RDS) of premature newborns (> 25 weeks), neonatal RDS associated with meconium aspiration, pulmonary hemorrhage or pneumonia",,Keep refrigerated Protect from light Unopened vial can be stored for a maximum of 8 hours at room temperature and can be refrigerated again (once only),"- Ng EH, Shah V. Les directives pour le traitement par surfactant exogène chez le nouveau-né. Paediatrics & Child Health. 2021 Feb;26(1):42-9. - Aldana-Aguirre JC, Pinto M, Featherstone RM, et al. Less Invasive Surfactant Administration Versus Intubation for Surfactant Delivery in Preterm Infants Wi"